{
  "properties": {
    "connectionReferences": {
      "shared_office365": {
        "runtimeSource": "invoker",
        "connection": {
          "connectionReferenceLogicalName": "dio_sharedoffice365_ebbf6"
        },
        "api": {
          "name": "shared_office365"
        }
      }
    },
    "definition": {
      "$schema": "https://schema.management.azure.com/providers/Microsoft.Logic/schemas/2016-06-01/workflowdefinition.json#",
      "contentVersion": "1.0.0.0",
      "parameters": {
        "$connections": {
          "defaultValue": {},
          "type": "Object"
        },
        "$authentication": {
          "defaultValue": {},
          "type": "SecureObject"
        }
      },
      "triggers": {
        "manual": {
          "metadata": {
            "operationMetadataId": "31de3651-4dac-46ef-bc8e-ae9aef924815"
          },
          "type": "Request",
          "kind": "PowerApp",
          "inputs": {
            "schema": {
              "type": "object",
              "properties": {
                "Enviarumemail(V2)_Assunto": {
                  "type": "string",
                  "description": "Especifique o assunto do email",
                  "x-ms-powerflows-param-ispartial": false
                },
                "Enviarumemail(V2)_Corpo": {
                  "type": "string",
                  "format": "html",
                  "description": "Especifique o corpo do email. Este parâmetro é usado como parte de \"C09126DB-43EC-40B4-A3E2-E6E78E12A583\"",
                  "x-ms-powerflows-param-ispartial": true
                },
                "Enviarumemail(V2)_Corpo_1": {
                  "type": "string"
                },
                "Enviarumemail(V2)_Para": {
                  "type": "string",
                  "format": "email",
                  "description": "Especificar endereços de email separados por ponto e vírgula, como nome@contoso.com",
                  "x-ms-powerflows-param-ispartial": false
                }
              },
              "required": [
                "Enviarumemail(V2)_Assunto",
                "Enviarumemail(V2)_Corpo",
                "Enviarumemail(V2)_Corpo_1",
                "Enviarumemail(V2)_Para"
              ]
            }
          }
        }
      },
      "actions": {
        "Enviar_Email_ao_Instrutor": {
          "runAfter": {},
          "metadata": {
            "operationMetadataId": "a3494b7d-cd4c-45e1-abfc-767f3e722f23"
          },
          "type": "OpenApiConnection",
          "inputs": {
            "host": {
              "connectionName": "shared_office365",
              "operationId": "SendEmailV2",
              "apiId": "/providers/Microsoft.PowerApps/apis/shared_office365"
            },
            "parameters": {
              "emailMessage/To": "@triggerBody()['Enviarumemail(V2)_Para']",
              "emailMessage/Subject": "Novo curso habilitado",
              "emailMessage/Body": "<p>Olá , @{triggerBody()['Enviarumemail(V2)_Corpo']}<br>\n<br>\nO curso  @{triggerBody()['Enviarumemail(V2)_Corpo_1']}foi habilitado para que você seja o instrutor.<br>\n<br>\nAtenciosamente,<br>\n<br>\nTreinamento</p>",
              "emailMessage/Importance": "Normal"
            },
            "authentication": {
              "type": "Raw",
              "value": "@json(decodeBase64(triggerOutputs().headers['X-MS-APIM-Tokens']))['$ConnectionKey']"
            }
          }
        }
      }
    },
    "templateName": ""
  },
  "schemaVersion": "1.0.0.0"
}